City,Pop_1985,Pop_1990,Pop_1995,Pop_2000,Pop_2005,Pop_2010,Pop_2015,latitude,longitude
Tokyo,30.3,32.53,33.59,34.45,35.62,36.83,38,35.689487,139.691711
Delhi,7.33,9.73,12.41,15.73,18.67,21.94,25.7,28.70406,77.102493
Shanghai,6.85,7.82,10.45,13.96,16.76,19.98,23.74,31.230391,121.473701
SÃ£o Paulo,13.39,14.78,15.91,17.01,18.29,19.66,21.07,-23.5628,-46.6546
Mumbai (Bombay),10.39,12.44,14.31,16.37,17.89,19.42,21.04,19.075983,72.877655
Ciudad de MÃ©xico (Mexico City),14.28,15.64,17.02,18.46,19.28,20.13,21,19.43253,-99.13321
Beijing,6.02,6.79,8.31,10.16,12.81,16.19,20.38,39.90647,116.391195
Kinki M.M.A. (Osaka),17.58,18.39,18.94,18.66,18.76,19.49,20.24,34.464732,135.457185
Al-Qahirah (Cairo),8.33,9.89,11.96,13.63,15.17,16.9,18.77,30.044456,31.235722
New York-Newark,15.83,16.09,16.94,17.81,18.09,18.37,18.59,40.660723,-73.968839
Dhaka,4.66,6.62,8.33,10.28,12.33,14.73,17.6,23.803002,90.413788
Karachi,6.03,7.15,8.47,10.03,11.89,14.08,16.62,24.860462,66.995425
Buenos Aires,9.96,10.51,11.39,12.41,13.33,14.25,15.18,-34.603879,-58.381648
Kolkata (Calcutta),9.95,10.89,11.92,13.06,13.7,14.28,14.86,22.571916,88.362808
Istanbul,5.41,6.55,7.67,8.74,10.51,12.7,14.16,41.007485,28.977359
